tag,count
"Aggressive Sex",15
Ahegao,5545
Anal,1743
"Anal Intercourse",3
Apron,255
"Armpit Fetish",131
"Armpit Licking",2
"Armpit Sex",2
Assjob,1
Bald,1
"Ball Sucking",1
Bathhouse,52
Bathroom,648
BBM,5
BDSM,127
Beach,152
"Beauty Mark",1526
Big,1
"Big Areolae",2178
"Big Ass",2
"Big Breasts",1790
"Big Penis",3083
"Bike Shorts",1
Bikini,3
Biting,338
Blackmail,1
Blindfold,366
Bloomers,50
Blowjob,8466
"Blowjob Face",2
"Body Swap",39
"Body Writing",9
Bondage,963
Booty,3520
"Box Set",8
"Breast Expansion",1
"Breast Sucking",418
BSS,104
Bukkake,1119
"Bun Hair",294
"Bunny Girl",292
"Business Suit",528
Busty,11865
Catgirl,403
"CG Set",38
Cheating,1734
Cheerleader,90
Chikan,183
"Childhood Friends",41
Christmas,83
Chubby,622
"Clit Stimulation",1
Clone,1
"Closed Eyes",1
Co-Workers,133
Collar,4
Color,190
Comedy,499
Compilation,8
Condom,2367
Corruption,1
Cosplay,990
Costume,149
Cousin,1
Crosdressing,8
Crossdressing,278
"Crotch Tattoo",192
Cumflation,1
Cunnilingus,2981
"Curly Hair",144
"Dark Skin",1434
Deepthroat,1202
Defloration,755
Deity,99
Delinquent,166
Demon,130
"Demon Girl",2
Dilf,108
Doctor,1
"Domination Loss",1
"Double Penetration",751
Doujin,3004
Drunk,1
Ecchi,1169
Elf,345
Exhibitionism,1993
"Exposed Clothing",1
Eyebrows,969
Eyepatch,25
"Face Mask",163
Facesitting,502
Facial,618
"Facial Hair",2
Family,1
Fangs,1141
Fantasy,961
"Females Only",76
Femboy,327
Femdom,1426
Fenderbend,7
"FFFM Foursome",232
"FFM Threesome",813
Filming,1088
Fingering,3183
Fishnets,138
"Fivesome Plus",45
"Focus Blowjob",2
Footjob,450
Forbidden,13896
Foreigner,196
"Fox Girl",87
Freckles,87
Free,87
"Full Color",2822
Fundoshi,1
Futanari,346
Genderbend,147
"Gender Change",2
Glasses,1592
Gloves,3
Gokkun,2
Group,3072
Gyaru,1084
"Gym Uniform",1
Hairy,10
"Hairy Armpit",73
Handjob,2177
Harem,602
Headphones,57
"Heart Pupils",4222
Hentai,15145
"Hidden Sex",8
"High Heels",2
Historical,63
Horns,465
Horror,103
"Hot Spring",166
"Hot Springs",8
Housewife,1002
"Huge Boobs",1727
"Huge Breasts",1
Humiliation,523
Idol,176
Illustration,1354
Impregnation,611
Incest,531
Incomplete,2
Inflation,1
Inseki,577
Interview,39
"Inverted Nipples",367
Isekai,412
Kemonomimi,207
Kimono,494
Kissing,12
Kogal,28
Kunoichi,1
Kuudere,277
"Lab Coat",1
Lactation,317
Latex,1
Leash,1
"Leg Lock",1370
Leotard,1
"Light Hair",4405
"Light Novel",5
Lingerie,1499
Lolicon,399
"Lotion Play",89
"Love Hotel",1093
"Love Potion",12
"Low Lolicon",1
"Low Shotacon",1
M-For-Milf-Sale,5
Machine,1
"Magical Girl",119
Maid,584
"Maid Uniform",5
"Males Only",96
Masturbation,1722
"Mating Press",1713
Mesugaki,2
Miko,89
Milf,1367
Mind,2
Mindbreak,2
"Mind Break",1
"Mind Control",1
"MMF Threesome",318
"MMMF Foursome",287
"Monster Girl",734
"Moral Degeneration",2
Mosaics,26
Mother,1
"Mouth Mask",1
"Multi-Work Series",13
Muscle,5
Muscles,892
Nakadashi,13082
Netorare,886
Netorase,182
Netori,218
Newhalf,15
Ninja,58
"Nipple Fuck",1
"Nipple Piercing",1
"Nipple Stimulation",1
Non-H,570
"Non Human",26
"No Penetration",340
Nun,104
"Nun Outfit",1
Nurse,211
"Nurse Outfit",3
"Office Lady",656
Ojousama,527
"Older Woman",12
"Old Man",1
Oneesan,27
Ongoing,80
Oni,110
"Orgasm Denial",376
Orgy,367
Osananajimi,1262
Outdoor,36
Outdoors,838
"Over-Eye Bangs",274
Paizuri,2741
Pantyhose,490
Pasties,1
"Pay To Play",2
Pegging,135
"Penis Enlargement",1
Petite,1730
Petplay,1
"Phone Sex",1
Piercing,360
Ponytail,2575
Pool,63
Pregnant,192
Pride-Month-Sale,1
Prostitution,3
"Pubic Hair",5824
Qipao,61
Rape,732
Rimjob,572
Robot,45
Romance-centric,5
"Schoolboy Uniform",2
Schoolgirl,1
"Schoolgirl Uniform",4574
"School Uniform",8
Sci-Fi,207
Scientist,6
"Selling My Wife",1
Semi-Color,14
"Sex Toys",5
"Shark Teeth",33
Shibari,1
Shimapan,188
"Short Hair",3149
Shortstack,231
Shotacon,411
Sister,2
Sixty-Nine,519
"Slice of Life",350
"Small Breasts",3
Smalldom,1
"Smell Fetish",27
Socks,3160
"Sole Female",24
"Sole Male",23
"Solo Action",11
Soushuuhen,1
Spanking,34
Spats,142
Spirit,146
Sportswear,454
Spread,95
Squirting,3903
Stockings,4049
"Story Arc",1754
Succubus,360
Sunglasses,1
Swallowing,559
Sweating,4
Swimsuit,1347
Swinging,81
Swinsuit,1
Tail,1
"Tall Girl",484
Tankoubon,275
Tanlines,393
Tattoo,67
Teacher,1056
Tentacles,187
Thicc,45
"Thick Eyebrows",5
"Thigh High Boots",1
"Thigh Job",153
Threesome,66
Titjob,8
Tomboy,679
Tomgirl,258
Toys,2054
Tracksuit,9
Trans,22
"Transparent Clothing",1
"Triple Penetration",1
Tsundere,863
Twintails,2454
"Ugly Bastard",859
Uncensored,15604
University,1
Unlimited,13479
"Unusual Pupils",3
Urination,2
Vanilla,6227
"Very Long Hair",1743
Virginity,1
Voyeurism,872
Vtuber,18
Waitress,109
Webtoon,34
Western,138
Whiteout,65
Witch,84
Wrestling,13
X-ray,9039
Yandere,175
Yaoi,326
Yuri,413
"Zero Gravity",3
